{
  "version": 1,
  "author": "Anonymous maker",
  "editor": "wokwi",
  "parts": [
    { "type": "board-esp32-devkit-c-v4", "id": "esp", "top": -9.6, "left": 14.44, "attrs": {} },
    { "type": "wokwi-mpu6050", "id": "imu1", "top": 109.42, "left": -160.88, "attrs": {} }
  ],
  "connections": [
    [ "esp:TX", "$serialMonitor:RX", "", [] ],
    [ "esp:RX", "$serialMonitor:TX", "", [] ],
    [ "imu1:VCC", "esp:3V3", "red", [ "v0" ] ],
    [ "imu1:GND", "esp:GND.1", "black", [ "v0" ] ],
    [ "imu1:SCL", "esp:22", "green", [ "v0" ] ],
    [ "imu1:SDA", "esp:21", "green", [ "v0" ] ]
  ],
  "dependencies": {}
}